ChievDAO	15
0x151eaaa48bbd08b7cc37b52216cf54f54c41b24b
0xe68967c95f5a9bccfdd711a2cbc23ec958f147ef
0xda5b2cd0d0bb26e79fb3210233ddabdb7de131c9
0x66b1de0f14a0ce971f7f248415063d44caf19398
0xfacef700458d4fc9746f7f3e0d37b462711ff09e
0xced608aa29bb92185d9b6340adcbfa263dae075b
0x58f123bd4261ea25955b362be57d89f4b6e7110a
0x9492510bbcb93b6992d8b7bb67888558e12dcac4
0xe54bee8258a2fe65095516f199034a08c02e35fe
0xdc546f477f273bcf327297bf4adcb671b5f20be1
0x9ac9c636404c8d46d9eb966d7179983ba5a3941a
0x78ec73423b222cb225549bab0d0a812d58808ffd
0xb2f4b16595e02a9721f97e3e30fb5bbbf73f5f54
0xb53b0255895c4f9e3a185e484e5b674bccfbc076
0xa3564677fc4907a15c9a7eae1dbc1ae9ac57b8e1
