MetaClan	56
0xf8cd644baf494d13406187cf8628754dca0a10c2
0xcb5c0d33d92e4910daa24825db8af9b64e17c33c
0x3f86f18322a888d9b3adef38f127c941bccc014d
0xbd810c549c287c759ff9044efeb1712bc1a58edd
0xdfc70f5205a2bc1bd44219fd852d720d7a36c5b8
0xeb22102db75138f9f5af6aff971bb5944d028504
0xfacef700458d4fc9746f7f3e0d37b462711ff09e
0xf7f189082878846c11a94ddac51c41afc7a7c772
0xe53b291412083d85dcfa44e42abe5ec10bbc7bfa
0x193997d4459380b09a060ba087b2f59b1d928119
0x83ab8e31df35aa3281d630529c6f4bf5ac7f7abf
0x954149c9febade512b1b6c5645bc7aad04053a58
0x48f2bd7513da5bb9f7bfd54ea37c41650fd5f3a3
0xe27969a2f7ee8386c6e9a7188a425c41c2044c08
0x8b104344f397afc33ee55c743a0fbd7d956201cd
0xd693340a27908fc73c14739cf36ed2541446275d
0xa22b52c5b28b4797ce6b46c6346b6bbe0400ea2c
0x9dd0217a2f5068d524515a2a9cf12ddd65da0f71
0x1a78a8cd7498535745dd9730f8029189815bc157
0x8f942eced007bd3976927b7958b50df126feecb5
0x4fafa767c9cb71394875c139d43aee7799748908
0x81d3d66054c552b520f4b9ad73238eca0b8c9977
0x30602250c5f1fcba5407e99b1dfaab992ea4ffd2
0x10fa00823d930bd4ab3592cded68d830da652d22
0x6e4412105de91f33fbea0719766e1ea9121685bf
0x893bd18ef97a1b7108a2e67dd5cf3e9b08ccd46e
0x84957e6c9f6ccfed9c35c850c3903732ed90858a
0xcb42ac441fcade3935243ea118701f39aa004486
0xbd12aa424c207e90b66402c1f0aec357e8b1ded7
0x6fc46b64e3de0a4962d15a75129f39a9068c6f10
0x865c2f85c9fea1c6ac7f53de07554d68cb92ed88
0x7405fe24003a50e4f4117d35e9b5a9f5e512fede
0x601c6d9eff76ae8cd7bff5fc4900f20f6f80734f
0xb0dfd0bb88de966d5072b735db80393ca3274239
0x68d36dcbdd7bbf206e27134f28103abe7cf972df
0xbdf6e91249c335ddf3f656c465326a69c13e1eb0
0x3839acf1ee7699d1f46b1be840d8ad8317fdf757
0x7af761df929afd00b21d0c493150b98f39c2831f
0x6dc43be93a8b5fd37dc16f24872babc6da5e5e3e
0xf78cd306b23031de9e739a5bcde61764e82ad5ef
0x42fad4d519223c22c40ace6dede72e56b4d15439
0x565b93a15d38acd79c120b15432d21e21ed274d6
0xec7641e298af02c19171451381c570327389b0c2
0x4ada1b9d9fe28abd9585f58cfeed2169a39e1c6b
0x759375a7fdb00b72682c81b686b2a90b3cff07cf
0x64c4bffb220818f0f2ee6dae7a2f17d92b359c5d
0x2beba030cdc9c4a47c5aa657974840428b9fefac
0x1b51a36bb32ba6303e76aac15ef2058d362a59f9
0xcfb586d08633fc36953be8083b63a7d96d50265b
0xe04885c3f1419c6e8495c33bdcf5f8387cd88846
0xb47ebe89272c9e35b272885baecfa9173ed7a2d7
0x2de2299db048a9e3b8d1934b8dae11b8041cc4fd
0x041cc2266ae38453082b5dcf243b9128ae9f6aa8
0x7dfb612c4227a7f252e1631340416fab0f9081a4
0x28d804bf2212e220bc2b7b6252993db8286df07f
0x5b93ff82faaf241c15997ea3975419dddd8362c5
